No,Question,Answer1,AnswerCorrect1,Answer2,AnswerCorrect2,Answer3,AnswerCorrect3,Answer4,AnswerCorrect4,Answer5,AnswerCorrect5,Answer6,AnswerCorrect6,Answer7,AnswerCorrect7,Answer8,AnswerCorrect8,Answer9,AnswerCorrect9,Answer10,AnswerCorrect10,Hint,Explanation,Category
1,"TensorF low Operations and Computation Graph are not run in the Session",True,,False,
2,"What are the categories of artificial intelligence?",Action,,Perception,,Cognition,,None of the above,
3,"Traffic agent can a chieve ______ hour full time/global traffic awareness?",7X24,,5X24,,5X12,,7X12,
4,"The pe rceptron can be displayed in space as __________.",line,,flat,,hyperplane,,point,
5,"In Random Forest algorithm, what st rategy is used to determine the outcome of  the ensemble model?",Cumulative system,,Find the average,,Voting system,,Find the max,
6,"What are the scenarios or ind ustries for which Python is suit able?",Artificial Intelligence,,Web development,,Game development,,Hardware Development,
7,"In a Convolutional Neura l Network, different layers have different functions. Which of the following layers can play the role of dimens ionality reduction?",Input Layer,,Fully Connected Layer,,Convolutional Layer,,Pooling Layer,
8," Vector is a number.",True,,False,
9,"Which of the following  tensor creation method is not supported in TensorFlow2.0?",zeros,,fill,,create,,constant,
10,"What is AI stands for?",Automatic Intelligence,,Artificial Intelli gence,,Automatic Information,,Artificial Information,
11,"Wh ich of the following are TensorF low  application scenarios?",Speech Recognition,,Face Recog nition,,Image Style Changes,,Autopilot,
12,"In neural networks, which of the following methods is used to update the parameters when training the network to minimize the loss function?",Forward propagation algorithm,,Pooling calculation,,Convolution calculation,,Backpropagation algorithm,
13,"On the premise of ensuring data privacy and security, federated learning utilizes different data sources to cooperatively train models to improve breakthroughs in data bott lenecks.",TRUE,,FALSE,
14,"What are the implementation modes of TensorF low? (Multiple Choice)",Stand -alone mode,,Distributed mode,,Forward mode,
15,"By the end of the year 2019, the released TensorFlow versions are? a. 1 b. 3 c. 2",0.1,
16,"In TensorFlow  2.0, the way to view tensor dimensions is?",dimens,,dtype,,ndim,,device,
17,"Which module of HUAWEI HiAI is supported by Huawei’s chip?",HiAI Engine,,HiAI Foundation,,HiAI Framework,,HiAI Service,
18,"All of the existing versions of PyTorch  support Python 2 and Python 3.",True,,False,
19,"It is known that the total parameter of a certain layer of the fully connected neural network is 330 . The number of neurons in the previous layer and this layer may  be?",32 with 10,,10 with 33,,33 with 10,,9 with 33,
20,"What model is not a cyclic neural network?",RNN,,LSTM,,GBOT,,GRU,
21,"The current technology application directions of artificial intelligence mainly include",Natural language processing,,Control System,,Computer vision,,Speech Recognition,
22,"Which of the following are the characteristics of TensorFlow? (Multiple choice)",Open source,,Convenience,,Mature,,Flexible,
23,"Which of the following description of the number of rows and columns of the matrix is correct?",The number of rows is grea ter than the number of columns,,The number of rows is equal to the number of columns,,The number of rows is less than the number of columns,,The number of rows has no relationship with the number of columns.,
24,"Feedforward neural network is a simple neural ne twork, each neuron is arranged hierarchically, it is currently one of the most widely used and fastest growing artificial neural networks. Which of the following statement about feedforward neural networks is correct: a.  Neurons with computing power are connected to the upper and lower layers b.  Its input node has computing power c.  Neurons in the same layer are connected",Information only along -pass through,
25,"To v iew Atlas300 (3000) , which command should be used if the accelerator card driver is installed successfully?",npu -sim info,,npu info,,atlas -driver info,,atlas info,
26,"MindSpore is bridging the huge gap between industry research of AI technology and application scenarios in the following ways except:",New ways of collaboration,,New programming language,,New programming paradigm,,New execution mode,
27,"X. Y are random variables.  C is a constant. W hich of the following description s about the nature of the mathematical expectation is incorrect?",E(C)  = CA. E(C) = C,,B. E(X+Y) = E(X)+E (Y),,D. E(XY) = E(X)E(Y),
28,"Which of the following schools does the neural network study belong to?",Symbolism,,Connectionism,,Behaviourism,,None of the above,
29,"Artificial intelligence is the research and development of theories, methods and application systems used to simulate, extend and expand human intelligence of a new technological science.",TRUE,
30,"Which method is not supported in TensorFlow  to define variables?",Random number,,Constant,,Calculated from the initial values of other variables,,Null,
31,"Which of the following logical architecture s of the processor  is not included in deflated AI?",DVPP,,GPU,,AI Calculation engine,,Chip system control CPU,
33,"In the process of training the neural network, we use the gradient descent method to continuously update which value, which makes the loss Function minimization?",Number of samples,,Eigenvalues,,Hyperparameter,,Parameter,
34,"In the process of deep learning mode l training, what are the common optimizers?",Adam,,Adagrad,,SGD,,Momentum,
35,"Python tuples are identified by "()'' and internal elements are separated by ":".",True,,False,
36,"Matrix A and matrix B can be added  only when they have the same number of rows and columns .",True,
37,"Which of the following can improve the computational efficiency of the neural network model? ( Multiple  choice)",TPU,,GPU,,FPGA,,Large -scale distributed cluster,
38,""print" in Python 3 must  be used with "()" .",True,,False,
39,"What are the mainstream deep learning open source tools? (Multiple choice)",TensorFlow,,Caffe,,Torch,
40,"TensorFlow It is one of the most popular deep learning frameworks.",TRUE,,FALSE,
41,"Which of the following is the computing model of TensorFlow?",Calculation chart,,Tensor,
42,"In neural networks, weights are often shared. Which of the following neural networks will share weights?",Sensor,,Convolutional Neural Network,,Fully connected neural network,,Recurrent neural network,
43,"Deep learning makes it easy to derive simple mathematical functions from a large amount of high -dimensional data to describe complex decision interfaces.",True,
44,"Traditional machine learning and deep learning are the core technologies of artificial intelligence. There is a slight difference in the engineering process. Which of the following steps can be done automatically in deep learning? a.  Model evaluation",Feature engineering,,Data cleaning,,Model building,
45,"The Python dictionary is identified by "{}", and the internal data consists of the key and its corresponding value.",True,
46,"Convolutional neural networks are more suitable for image recognition  problems than cyclic neural networks.",True,,False,
47,"Where is the main foothold of symbolism?",The foothold is in neuron networks and deep learning.,,The foothold is reasoning, symbolic reasoning and machine reasoning.,,The foothold is perception and action.,,The foothold is behaviour  control, adaptive and evolutionary computing.,
48,"When training the network, we often encounter many problems. For the problem of gradient vanishing , we can alleviate the problem by choosing which of the following activation functions?",Softsign function,,Relu function,,tanh function,,Sigmoid function,
49,"During application development, which of the following operations is not a typical network definition?",Network definition,,Network execution,,Knowledge distillation,,Weight initialization,
51,"Which of the following functions can numerically stabilize overflow and underflow?",Softminus function,,Softplus function,,Softmax  function,,Softmin func tion,
52,"The loss function of logistic regression is the cross -entropy loss function.",TRUE,,FALSE,
53,"What are the common clustering algorithms?",Density clustering,,Hierarchical clustering,,Spectral clustering,,Kmeans,
54,"Python script executi on mode includes interactive mode and script mode",True,,False,
56,"The model composed of machine learning algorithms cannot represent the true data distribution function on a theoretical level. Just approach it.",TRUE,
57,"What models  support H UAWEI HiAI ?",P30,,Mate 20,,iPhone10,
58,"The meaning of artificial intelligence was first proposed by a scientist in 1950, and at the same time a test model of machine intelligence was proposed . Who is this scientist? a.Minsky",Zade,,Turing,,Von Neumann,
59,"Which of the following services belong to Huawei EI Service family?",Dialogue robot,,EI Basic services,,Natural language processing,,EI Big data service,
60,"Which of the following descriptions of the deep  feedforward network is correct?",Deep feedforward network is a kind of neural network.,,The deep feedforward network has only one hidden layer.,,The unit s on the hidden layer of the deep feedforward network are  countless.,,Deep feedforward network is used to deal with linear problems.,
61,"What statement is incorrect  about the  relationship between neural networks and deep learning? a.  The concept of deep learning sterns from the study or artificial neural networks. b.  A neural network algorithm with multiple hidde n layers is a deep learning algorithm c.  Single layer neural networks are also a type of deep learning",Convolutional neural networks are a type of deep learning.,
62,"What is the performance of artificial intelligence in the stage of perceptual intelligence?",Machines begin to understand, think and make decisions like humans,,Machines begin to calculate and transmit information just like humans,,The machine starts to understand and understand, make judgments, and take some,
63,"In which year was the first introduction of "artificial intelligence"?",1946,,1960,,1916,,1956,
65,"Which of the following characteristics belong  to TensorFlow2. 0?",Introduce Keras interface,,Support static image mechanism,,Support more platforms and more languages,,Continue to be compatible Tensorflowl.x Related modules,
66,"The training error will continue to decrease as the model complexity increases.",TRUE,
67,"What are the advantages  of HiAI mobile computing platforms?",Quick source code,,Diverse tool chain,,Complete documentation,,plentiful API,
68,"Which of the following statement about the matrix is incorrect?",The arbitrary matrix is multiplied by the unit matrix and will not change.,,The transpose of the symmetric matrix A is also A itself.,,The transpose of the orthogonal matrix A is equal to the inverse of A .,,There is no inverse matrix for the diago nal matrix.,
69,"In the environment preparation for invoking HUAWEI CLOUD services, which of the following does not require confirmation of installation?",requests,,websocket -client,,Jieba,
70,"In the classic convolutional neural network model,  what layer does the Softmax function follow?",Convolutional layer,,Pooling layer,,Fully connected layer,,All of the above,
71,"The combination of ModelArts services  and ________  can easily deploy the model to "end"?",OBS,,OCR,,ECS,,HiLens,
72,"With a lot of sales data but no labels,  the  compan y want s to identify VIP customer,  which of the following model s is suitable?",Logistic regression,,SVM,,K-Means,,Hierarchical clustering,
73,"The Naive Bayes algorithm does not require independent and identical distribution of sample features.",TRUE,,FALSE,
74,"Which of the following statements about supervised learning is correct?",Decision tree is a supervised learning,,Supervised learning cannot use cross -validation for training,,Supervised learning is a rule -based algorithm,,Supervised learning can be trained without labels,
75,"The commonly used functions for mathematical operati ons in Python are basically in t he math module and the cmath module.",True,,False,
76,"The constituent elements of the Python identifier include: numbers, letters, and underscores.",True,,False,
77,"Jobs that are repetitive and require weak social skills are the easiest to be replaced by AI.",TRUE,
78,"What are the commonly used loss fu nctions? (Multiple choice)",Mean variance,,Sigmoid cross entropy,,Soft max cross entropy,,Sparse cross entropy,,Weighted Sigmoid Cross Entropy,
79,"If the deep learning neural network has the problem of gradient vanishing  or gradient explosion, our common solution s are",Gradient shear,,Random under sampling,,use Relu Activation function,,Regularization,
81,"In deep learning, if the neural network has a large number of layers, the problem of gradient disappearance is more likely to occur. Strictly speaking, in which of the following links does the sample disappearance problem occur?",Backpropagation update parameters,,Forward the dream and update,,Backpropagation calculation result,,Forward calculation results,
82,"The number or matrix is stored in the tensor",True,,False,
83,"For b agging in ensemble  learning, the relationship between each base learner is?",Additive relationship,,The latter model must be built on top of the previous model,
84,"Generating a confrontation network  (GAN)  is like a game system. The generator generates fake samples, and the discriminator judges whether it is true or false. Our ideal result is?",The generator produces roughly the same samples,,The discrimi nator efficiently distinguishes the true and false samples generated by the,,The discriminator cannot distinguish the true and false samples generated by the,,The generator produces different samples,
85,"What quotation marks can the Python language use? (Multiple Choice)",Single quotes,,Double quotes,,Three quotes,,Four quotes,
86,"How does MindSpore handle  the challenge of achieving efficient distributed training for ultra -large -scale models a .Automatic parallel",Serial,,Manual parallel,
87,"Reducing the gap between the training error and the test error will result in over -fitting How to prevent over -fitting? (Multiple Choice)",Cross validation,,Integration method,,Increase regularization,,Feature Engineering,
88,"Whic h of the following are the characteristics of the Python language? (Multiple choice)",Explanatory,,Process oriented,,Dynamic data type,
89,"Which of the following functions is not supported by PyTorch?",Inline keras,,Support dynamic gra ph,,Automatic derivative,,GPU accelerate,
90,"The optimizer is an important part of training neural networks. Which of the following is not the  purpose of using the optimiser ?",Speed up algorithm convergence,,Avoid overfitting,,Avoid local extremes,
91,"What are the service categories included in Huawei Cloud El Enterprise Intelligence? (Multiple Choice)",El visual cognition,,El online games,,El speech semantics,,El industry scene,
92,"Computer vision is the study of how to make computers "see".",TRUE,,FALSE,
93,"Which of the following description s of the normal distribution  is wrong ? a.  In natural phenomena and social phenomena, many random variables obey or approximate a normal distribution.",The normal distribution lakes the maximum value at the mean,,The larger the standard deviation the steeper the normal distribution  curve,,The larger the standard deviation, the slower the normal distribution curve.,
94,"Which of the following descriptions a bout Python tuple  is correct? (Multiple choice)",The difference between a list and a tuple is that the elements of the tuple cannot be,,The list uses square brackets and the tuple uses parentheses,,Tuple creation is very simple, just add element s in parentheses and separate them,,When a tuple contains only one element, you need to add a comma after the,
95,"The data type used in TensorFlow is?",Scalar,,Vector,,Tensor,,Matrix,
96,"There are many types of neural networks in deep learni ng. The following neural network information is one -way propagation:",LSTM,,Convolutional Neural Network,,Recurrent neural network,,GRU,
97,"Which of the following is not included in keras.metrics of TensorFlow 2.0 ?",Accuracy,,Recall,,Sum,
98,"The built -in optimizer s in the keras module of TensorFlow include :",Adam,,Adadelta,
99,"The  full scenarios  of Huawei AI include public cloud, private c loud, various edge computing, IoT industry terminals, and consumer terminals and other end, edge, and cloud  deployment environments.",TRUE,,FALSE,
100," Voice recognition refers to the recognition of audio data as text data.",TRUE,,FALSE,
101," The correlation coefficient. also known as the linear correlation coefficient, is used to measure the linear relationship between two variables, which is a real number greater than zero",True,,False,
102," In polynomial regression, there is a square term in the formula of  the model, so it is not linear .",TRUE,
103," The test error will keep getting smaller as the complexity of the m odel increases.",TRUE,,FALSE,
104," GAN is a deep learning model and one of the most promising methods for unsupervised learning in complex situation in recent years.",True,,False,
105," The number of rows and columns of the three matrices A , B and C is 3 rows X 2 colu mns, 2 rows X3 columns  and 3 rows X 3 columns  respectively . Which of the following operations is meaningful?",AC,,BC,,A+B,,AB-BC,
106," Which of the following about the gradient descent is incorrect?",Random gradient descent is a commonly used one in gradient descent.,,Gradient descent includes random gradient descent and batch gradient descent.,,The gradient descent algorithm i s fast and reliable,,Random gradient descent is one of the commonly used optimization algorithms in deep,
107," What are the commonly used activation functions? (Multiple Choice)",sigmoid,,tanh,,relu,,danish,
108," Python is a fully object -oriented language. Which of the following options belong to the Python object? (Multiple Choice)",Function,,Module,,Number,,Character string,
109," The label predicted by the regression algorithm is?",Self -deformation,,Discrete,,Strain type,,Continuous,
110," What operating systems support Python? (Multiple Choice) a.  DOS",Linux,,Mac OS,,Windows,
111," The face detection service will report an error when there is no face in the test image.",TRUE,,FALSE,
112," HUAWEI HiAI Engine c an easily integrate  multiple AI abilit ies and App s together .",TRUE,,FALSE,
113," Which of the following does not belong to automatic hyperparameter optimization algorithm?",Grid search,,Random gradient descent,,Random search,,Model -based hyper parameter optimization,
114," After the data has completed the feature engineering operation, in the process of constructing the model, which of the following options is not a step in the decision tree construction process?",Pruning,,Feature selection,,Data cleaning,,Decision tree gene ration,
115," What factor  dose not  promote the development of artificial intelligence ?",Big data,,Computing ability,,Algorithm theory,,Block chain,
116," The following are the descriptio n of the distribution function, distribution law  and density function of  random variables. Which of the following is incorrect?",Distribution law can only describe the value rule of discrete random variables,,The density function can only describe the value rule of continuous random variables,,Discrete random variables have no distribution function,,Distribution function describes the value rule of random variables,
117," In machine learning, what  is the  input that the model needs to train itself and predict the unknown?",Manual procedure,,Neural Networks,,Training algorithm,,historical data,
118," The pooling layer in the convolutional neural network can reduce the dimension  of the lower layer input. Common ly used  pooling layers are :",Minimum strata,,Product pooling layer,,Maximum pooling layer,,Average pooling l ayer,
119," What are  the Python language design philosophy? (Multiple Choice)",Beautiful,,Expensive,,Explicit,,Simple,
120," Which of the followings are not belong to supervised learning  category ?",Logistic regression,,Support vector machine,,Decision tree,,Principal component analysis,
121," In the binary  classification process, we can set any category as a positive example.",TRUE,,FALSE,
122," Which of the following does not belong to long -term memory LSTM (long Short Term Memory) network architecture?",Memory door,,Forget door,,Input door,,Output door,
123," In May 1997, in the famous "Human -Machine Wars" final , computer defeated Kasparov, the world chess king, with a total score of 3.5 to 2 5. What is this computer called?",Dark blue,,Dark green,,Ponder,,Blue sky,
124," The continue statement in the Python language is used to jump out of th e current loop and then continue to execute the next loop .",True,,False,
125," Huawei Cloud El builds enterprise intelligence services based on three -tier services. Which of the  following options does not belong to Layer 3 services?",Basic platform services,,General domain services,,Industry sector services,,Integration services,
126," Which of the following options is not central to linear algebra?",Probability theory,,Linear transformation,,Matrix theory,,Vector space,
127," In supervised learning," Those who are near red  are red and those who are near black  are black"  is used to describe which of the following models?",K-Means,,SVM,,KNN,,Neural Networks,
128," There are a lot of data gener ated during the training of the neural network. What mechanism does TensorFlow use to avoid excessive input data?",Client,,feed,,placeholder,,fetch,
129," Which of the following methods in TensorFlow 2.0 can be used for tensor merging ? a.  join",concat,,split,,unstack,
130," Which of the following options belong to Tensorflow concept? (Multiple Choice) a.  Tensor b.  Variables c.  Placeholder",Operation,,Conversation,
131," Python authors deliberately design very restrictive grammars that make bad programming habits (such as the next line of if statement not indented to the right) not  be compiled .",True,,False,
132," Which of the following description s about the  number of rows and columns of a determinant is correct?",The number of rows is greater than the number of columns,,The number of rows is equal lo the number of columns,,The number of rows is less than the number of columns,,The number of rows has no relationship with the number of columns,
134," HUAWEI CLOUD ModelArts  is a one -stop development platform f or AI . Which of the following functions can Mode lArts support ?",Data governance,,AI market,,Visual workflow,,Automatic learning,
135," The main application of the Atlas 200 DK Yiteng 310 chip is? a.  Model reasoning b.  Build model",Training model,
136," What are the advantages of Python? (Multiple choice)",Simple,
137," Accor ding to its development process, what are the three generation of robot ?",Teaching Reproduction Robot,,Robots that will think,,Intelligent robot,
789,"89]",24,,18,
139," Which of the following descriptions about Python program are correct? (Multiple choice)",The program consists of modules,
140," Which of the fo llowing is not MindSpore common Operation? a.  signal",math,,nn,,array,
141," TensorFlow is Google's first generation of proprietary machine learning systems",True,,False,
142," What are the core concepts in TensorFlow? (Multiple Choice)",Gridding,,Calculation Chart,,Dot Product,,Tensor,
143," According to the American Society of Automotive Engineers (SAE) , which of the following levels is t he automatic driving divided?",L1~L4,,L1~L5,,L0~L4,,L0~L5,
144," The main computing resources included in the Da Vinci architecture computing unit are?",Vector calculation unit,,Scalar Computing Unit,,Tensor computing unit,,Matrix calculation unit,
145," Which of the following is not a way for the TensorFlow program to read data?",Preload data,,Write a file format reader,
146," Which of the following statements about universal form recognition services are correct?",rows represents the line information of a text block,,colum ns represents the co lumn information of a text block,,The incoming image data needs to go through base64 coding,,words represent  text block recognition result,
147," Tensor is the data storage component of MindSpore .",TRUE,,FALSE,
148," Training error will reduce the accuracy of the model and produce under -fitting. How to improve the model fit? (Multiple choice)",Increase the amount of data,,Feature Engineering,,Reduce regularization parameters,,Add features,
149," Which of the following compan ies first developed Tensor Flow ?",Oracle,,Facebook,,Nvidia,,Google,
150," What is the role of keras.preprocessing in TensorFlow2.0 ? a.  Data processing tools b.  Built -in optimizer",Model deployment tool,,Generative model tool,
151," Deep learning is a branch of machine le arning",True,,False,
154," L1 and  L2 Regularization are the  method s commonly used in traditional machine learning to reduce generalization errors. Which of the following descriptions are correct? a.  L1 Regularization can do feature selection",L1 and  L2 Regularization can be used for feature selection,,L2 Regularizati on can do feature selection,,L1 and L2 Regularization cannot be used for feature selection,
155," In the face search service, if we want to delete a certain face set, we can use this code: firs_cliet.get_v2().get_face_set_service().delete_face_set("**"), where  "**" is to fill in the actual face set name.",TRUE,,FALSE,
156," The word recognition in the speech recognition service refers to the synchronous recognition of short speech. Upload the entire audio at once, and the recognition result will be returned in the response.",True,,False,
157," Which of the following neural network structures will share weights? (Multiple choice)",Convolutional neural network,,Recurrent neural network,,Fully connected neural network,,All of the above,
158," There are many types of agents according to different industrie s and application scenarios. Currently, Huawei Cloud EI  has  :",Industrial Agent,,Traffic Agent,,Park Agent,,Car intelligence,
160," In what year did Huawei officially provide services in the form of cloud services, and combined with more partners to provide richer artificial intelligence practices?",2002,,2013,,2015,,2017,
161," Input a 32*32 Image  into a CNN with a convolution kernel of size  5*5, after convolution calculation, the size of the output image is:",28*23,,28*28,,29*29,,23*23,
162," Which of the following options is not the - session mode used by Tensorflow? a.  Explicitly call the session to generate function b.  Explicitly call the session to close function",Through the Python context manager,,Multiple POST queries,
163," Which of the following is the function of HUAWEI HiAI Foundation module?",App integrated,,Let the service actively find users,,Quickly convert and migrate existing models,,According to user needs, push services at the right time and at the right time,
164," Which of the following are the activation functions of deep learning algorithms?",Sigmoid,,ReLU,,Tanh,,Sin,
165," Which of the following s tatements about Python are correct? (Multiple choice)",Invented in 1989 by the Dutch Guido van Rossum, the first public release was issued,,Python syntax is simple and clean. One of the features is to force blank characters to,
166," In the Code model.fit(mnist.t rain.inmage,mnist.train.labels.epochs=5) , what does the epochs parameter mean ?",The entire training set will be trained 5 times,,The entire test set will be tested 5 times,
167," Which of the following are solutions for the Huawei Cloud El industry scenario? (Multiple Choice)",Intelligent Logistics,,Intelligent Water,,Intelligent Finance,,Intelligen t manufacturing,
168," When the voice recognition service is successfully called, which field is the recognition result stored in?",result,,content,,data,,text,
169," What are the commonly used kernel functions in  SVM ?",Gaussian kernel function,,Polynomial kernel func tion,,Sigmiod Kernel function,,Linear kernel,
171," The Python dictionar y is widely identified by "{}", and the internal data consists of the key and its corresponding value .",True,,False,
172," Which of the following is not an application of image recognition services?",Target Detection,,Smart photo album,,Scene analysis,,Speech synthesis,
174," Which step is not part of the operation of a Python file object?",open,,delete,,read,,write,,close,
175," Among the following machine learning algorithms, which is not unsupervised learning? a.  Clustering b.  Association rules",Xgboost,,GMM,
176," Which description is wrong about the lambda function of the Python language?",Lambda is just an expression, and the function  body is much simpler than def.,,The body of a lambda can be an expression or a block of code,,The lambda function can access the parameters in the global namespace.,,The lambda function accepts only one parameter valu e,
177," TensorFlow  is an end -to-end open source platform for machine learning and deep learning.",TRUE,,FALSE,
178," Deep learning algorithms can be divided into supervised learning and unsupervised learning.",True,,False,
179," Which of the following descriptions of Python module  is wrong ?",The Python module is a Python file that ends with “.py “ and contains Python object,,The Python module allows you to logically organize your Python code snippets.,
180," Deep learning neural network training requires a lot of matrix calculations. Generally, we need to use hardware to enable the computer to have parallel computing capabilities. Which of the  following hardware devices can provide parallel computing capabilities ?",Motherboard,,RAM,,GPU,,CPU,
181," Artificial intelligence is a new technical science that studies and dev elops theories, methods and application systems for simulating, extending and extending human intelligence. It is one of the core research areas of machine learning.",True,,False,
182," Which of the following is not the difference between Python 2 and Python 3?",print,,Unicode,,import,,xrange,
184," Huawei firmly believes that the value of Al is ultimately reflected in solving the actual business problems of the enterprise. Therefore, Huawei is firmly com mitted to the development of Al technology, focusing on domain solutions, focusing on basic technologies and enabling platforms, and working with industry practice leaders to develop industry solutions",True,
185," In a neural network based on connection ism, each node can express a specific meaning.",TRUE,,FALSE,
186," Which  of the following  is not a Python operator? a.  Arithmetic operator b.  Reasoning operator c.  Logical operator",Comparison operator,
188," Which of the following options do not belong to the scope of Huawei's full -stack solution ?",Application enable,,Edge computing,,Open source framework,,Chip enable,
190," In TensorFlow, data is represented in the form of tensors and calculation charts.",True,,False,
192," What of the following values are empowered  by HUAWEI HiAI ?",Safety,,real time,,at any time,
193," Artificial intelligence is still in the weak artifici al intelligence stage.",TRUE,,FALSE,
194," Which of the following are the elements of artificial intelligence? (Multiple choice)",Algorithm,,Computing power,,Data,,Scene,
195," If a model has a large deviation on the test set and a small variance, it means that the model?",Overfitting,,May be overfitting may be underfitting,,Just fit,,Underfitting,
197," Information theory is a branch of applied mathematics. The main research is to quantify how much information a signal contains. Who is the first to propose information theory?",Minsky,,Turing,,Simon,
198," Deep learning is different from machine learning and there are no unsupervised algorithms",True,,False,
199," Which of t he following descriptions about  the value k in  KNN Algorithm is correct?",The larger the value, the easier the model is to overfit,,The large r the value, the smoother the segmentation surface of the classification,,k Value is a hyperparameter,,k Value can be set to 0,
200," Which of the following is not part of the deep learning development framework?",CNTK,,Keras,,SAFA,
201," Which of the followin g are the cloud services provided by Huawei Cloud El Visual Cognition? (Multiple choice)",Text recognition,,Face recognition,,Image recognition,,Content detection,,Image processing,
202," Recurrent neural networks can capture dynamic information in serialized data.",TRUE,,FALSE,
203," Which of the following are AI Subfield?",Machine learning,,Computer vision,,Speech Recognition,
205," Which of the following aspects belong to Huawei's full stack AI solution?",Ascend,,CANN,,ModelArts,,MindSpore,
206," There are multiple models of AI servers . Which is the  one based on the Kunpeng processor platform ?",Atlas 800 model: 9000,,Atlas 800 model: 3000,
208," In the gradient descent algorithm, which of the following algorithms is the most confusing algorithm for the trajectory on the loss function surface?",SGD,,BGD,,MGD,
209," Which of the following activation functions are prone to vanishing gradient problems?",ReLU,,Tanh,,Sigmoid,
210," Which is the correct description of the python function  creation ? (Multiple choice )",The function starts with the “def ” keyword followed by the function name and,,The parameters need to be placed in parentheses,,The function content  starts with a colon and needs t o be indented,
211," Regarding backpropagatio n, which of  the following statement s is wrong?",Backpropagation can only be used in feedforward neural networks,,Backpropagation passes through the activation function,,Back propagation refers to the back propagation of errors through the network,,Backpropag ation can be combined with gradient descent algorithm to update network,
212," Which of the following neural networks is more suitable to solve image classification problem?",sensor,,Recurrent neural network,,Convolutional Neural Network,,Fully connected neural network,
213," tf.keras.datasets can be used to  view built -in data set  of keras.",True,,False,
214," Which of the following about the dictionary in Python is correct? (Multiple Choice)",Each key and its corresponding value need to be separated by ":”,,Separate the different key -value with “,”,,The entire dictionary is included in the “{}”,,The keys of the dictionary  are unique and the data type is uniform,
215," Principal Component Analysis (PCA) is a statistical method. A set of variables that may be related t o each other is transformed into a set of linearly related variables by orthogonal transformation . The converted set of variables is called the principal component.",True,
216," The number of hidden layers of the deep learning neural network has a certain impact on the performance of the network. Which of t he following statement about its impact is correct ? a.  The number of hidden layers is appropriately reduced, and the resolution ability of the neural network remains unchanged",With the appropriate increasing of the number of hidden layers appropriately, the,,If the number of hidden layers is appropriately reduced, the resolution ability of the,,If the number of hidden  layers increases appropriately , the resolution ability of the,
217," Generative confrontation networks are currently widely use d. Which of t he following scenarios can use this network?",Data enhancement,,Semantic segmentation,,Information retrieval,,Image generation,
218," The Python language can use multiple statements on the same line, separated by commas ".".",True,
219," What are the application scenarios for the break statement in the Python language? (Multiple Choice)",Any Pyt hon statement,,while loop statement,,for loop statement,,Nested loop statement,
220," When we describe the house, we usually use the attributes such as residential area, house type, decoration type, et c. If we use Naive Bayes as a model, we assume that there is no relationship between attributes.",TRUE,,FALSE,
221," A linear regression model with L1 regular term  is called a Lasso regression model.",True,,False,
222," Which of the following statements  about neural networks is wrong?",As the number of hidden layers of the neural network increases, the classification,,The limitation of a single -layer perceptron is that it cannot solve the XOR problem,,The feedforward neural network can be represente d by a directed acyclic grap h,,There is no connection between neurons in the same layer of the feedforward neural,
223," With Atlas300 (3000) , w hat conditions need to be checked when the accelerator card server compiles and runs the program? a.  Atlas Driver  Installation is carried out",CUDA Software package  is installed,,Cmake Compilation tool is installed,,Environment configuration  is completed,
225," Among the following machine learning algorithms, which of the following is not unsupervised learning?",GMM,,Xgboost,,Clustering,,Association rules,
228," Which tool does the HUAWEI HiAI platform support to integrat e with? a.  Jupyter Notebook b.  MyEclipse c.  Android Studio",Spider,
229," Huawei Ascend AI Chip is one of the typical representative of NPU (Neural network processor ).",True,,False,
230," Python regular expressions are a special sequence of characters that makes it easy to check if a string matches a pattern.",True,,False,
231," Which of the following statements  about the image content review service  is wrong ?",Test results for sensitive persons involved in politics,,Test results for political violence,,Represents confidence, range 0 -100,,Label representing each test result,
232," In TensorFlow2.0 , the method can continue to be used.",TRUE,
233," The timestamps in the Python language are represented by how long (in seconds) elapsed from midnight (epoch) on January 1, 1970",True,,False,
234," Which of the following are the topics of speech processing research? a.  Speech processing b.  Voiceprint recognition",Speech Recognition,,Wake up,
235," The TensorFlow framework does not support Windows systems.",True,,False,
237," There can be more than one tag returned by image label service.",TRUE,,FALSE,
239," What are the numeric types of Python? (Multiple Choice)",int (integer type),,long (long integer type),,float (floating  point type),,complex (complex number type),
240," What are the conditions for m row n column matrix A and p row q column matrix B to be multiplied?",m=p , n=q,,n=p,,m=n,,p=q,
241," Which of t he following statement s about recurrent neural networks is wrong?",Recurrent neural network can be unfolded according to the time axis,,LSTM is unable to solve the problem of vanishing gradient,,LSTM is also a recurrent neural network,,Recurrent neural network can be abbreviated as RNN,
243," Machine Learning Service is a data mining and analytics platform service that helps users quickly discover data patterns and build predictive models through machine learning techniques and deploy them as predictive analytics solut ions .",True,,False,
244," Which of the following can optimization problem be classified according to the constraints? (Multiple choice)",Equality constraints,,Inequality constraints,,Unconstrained conditions,,Semi -constrained  conditions,
245," AI Chip is also called  AI Accelerators , which  are specially designed to handle a large number of computing tasks in artificial intelligence applications functional module.",TRUE,,FALSE,
246," Which of the following characterises  does not belong to TensorFlow 2.0?",Multi -core CPU acce lerate,,distributed,,multi -language,,Multi -platform,
247," Functions are well -organized, non -reusable code segments used to implement a single, or associated Function.",True,,False,
248," Tensorflow is the second generation of artificial intelligence learning system developed by Google based on ( ).",DistBelief,,PaleyFunction,,ConvexOne,,Infinity,
249," Under the large -scale relationship analysis scenario, which of the following options does not belong to the three high demands of massive relationship processing?",Efficient relationship discovery data for massive data,,Efficient sharing of massive data,,Efficient storage and access requirements for massive amounts of data,,High scalability and high availability requirements for relational analysis platforms,
250," Which of the follo wing items are included in the results returned when the face search service is successfully called?",Searched face similarity,,Searched faces id,,Searched face position,,Searched face number,
251," Which of the following are AI Application areas?",Wisdom education,,Smart City,,Smart home,,Smart medical,
252," Tensorflow supports multi -TPU cluster computing",True,,False,
253," Which description is wrong about the hyperparameter?",Hyperparameters  are parameters that set values before the algorithm begins learning.,,Most machine learning algorithms have hyperparameters.,,Hyperparameters cannot be modified,,The value of the hyperparameter is not learned by the algorithm itself.,
254," According to Huawei Cloud EI Intelligent platform, which of the following solutions can be provided?",Crowd statistics program,,Policy query scheme based on knowledge graph,,Vehicle identification scheme,
255," Which of the following is not an artific ial intelligence school?",Symbolism,,Statisticism,,Behaviourism,,Connectionism,
256," The three  main advantages of Keras in TensorFlow 2.0  are:",The interface is user -friendly,,Modular and combination,,Easy to expand,,None of the above,
257," Which of the following options is not a tensor attribute?",name (Logo),,shape (Dimensionality),,type (Type),
259," Which of t he following statements about RNN Model is correct?",There is no one -to-one model structure,,Do not consider the time direction when back propagating,,There is no many -to-many model structure,,There will be a problem of attenuation of long -term transmission and memory,
260," Which module does the face detection belong to  in the Huawei HiAI platform ?",HiAI Engine,,HiAI Framework,,HiAI Foundation,,HiAI Service,
261," When training the DNN , we often encounter many problems . Which of the following functions can be used to alleviate the problem  of vanishing gradient ?",Relu function,,Sigmoid function,,tanh function,,Softsign function,
262," Which of the following statements about passport recognition services are correct? a.  Country_ code:  represents the country where the passport was issued b.  Nationality:  represents the nationality of representative holder",passport_number: represents passport number,,confidence: Confidence information of related fields. The greater the confidence, the,
263," The determinant of square matrix A is a scalar.",True,
264," When using keras of TensorFlow 2.0 to bu ild a neural network with an interface, the network needs to be compiled. Which of the following methods should be used to compile ?",compile,,write,,join,,fit,
265," X, Y are random variables, C is a constant,  which of  the nature of the difference in the following options  is wrong? (Multiple choice)",D(C)= 0,,D(X+Y)=D(X)+D(Y),,D(CX)=C'C'D()(),,D(XY)=D(X)D (Y),
266," Which of the following description s of expectations and variances is incorrect? a.  Expectation reflects the average level of random variable values b.  The variance reflects the degree of deviation between the random variable and its mathematical expectation",Expectation and variance are both numerical characteristics of random variables,,The greater the expectation the smaller the variance,
267," In the deep learning neural network, the perceptron is the simplest neural network. The correct statement about its structure is:",There are only two hidden layers,,Only one hidden layer,,Its network us es Sigmoid Activation function,,Its network uses Relu Activation function,
268," What is the most important difference between batch gradient descent, mini -batch gradient descent, and stochastic gradient descent?",Gradient size,,Gradient direction,,Learning rate,,Number of samples used,
269," According to the definition of information entropy , what is the bit entropy of throwing a uniform coin? a. 0",0.5,
270," Which of the following is not features of the c MindSpore core architecture? a.  Automatic differentiation b.  Automatic tuning",Automatic coding,,Automatic parallel,
271," Convolutional neural networks are more suitable for dealing with speech recognition problems .",True,
273," Which of the following attributes is common in Ascend 310 and Shengteng 910 ?",Maximum power,,Architecture,,Integer precision,,7nm Process,
276," Whi ch of the following description is wrong about the image recognition cloud service? a.  The service identifies specific objects such as skyscrapers, buildings, and ships.",The service can also identify the sea, city, port and other scenes.,,The service can provide object and scene labels and can also provide more conceptual,
277," Which of the following is not a specific technology of arti ficial intelligence?",Knowledge map,,Machine translation,,Riemann geometry,,Semantic understanding,
278," HiAI Mobile computing platform provides rich upper -level functional services API, which c an run efficiently on mobile devices.",TRUE,
279," In the deep learning network, the backpropagation algorithm is used to find the optimal parameters. What rules are used in the backpropagation algorithm to obtain the derivation layer by layer?",Chain rule,,Cumulative rule,,Law of reciprocity,,Rule of Norm alization,
280," Which of the following descriptions about the Recurrent Neural Network (RNN) is correct?",Can be used to process sequence data.,,Cannot process variable length sequence data.,,Unlike convolutional neural networks , parameters of RNN cannot be shared,,The units above the hidden layer are not associated with each other.,
281," Which of the following capabilities does the genetic knowledge map have?",Auxiliary case diagnosis,,Disease prediction and diagnosis,,Gene test report generation,,Entity query,
282," What research areas does artificial intelligence have? (Multiple choice)",Natural language processing,,Computer Vision,,Machine learning,,Speech recognition,
283," The Python language can use the "#" at the beginning of  a single line of code f or comments .",True,,False,
284," When the universal text recognition service is successfully called, the returned text recognition result is stored in which of the following fields?",text,,result,,content,,words,
285," The following options bel ong to keras under estimator .  The encapsulation methods are?",Assessment,,training,,prediction,,Output model,
287," Which of the following description about Python regular expression is not correct?",Python has added th ree  regular expression module since version 1.5.,,Regular expression module gives the Python language all the regular expression,,Regular expressions are powerful tools for working with strings.,,Regular expressions can only process string data not numeric data,
289," The following applicati ons that are not part of the adversarial generation network are?",Text generation,,Image generation,,Image Identification,,Data enhancement,
290," Regarding the face search service, which of the following statements are correct?",When there is no face set, you need to create a face set first, then add face data, and,,The size of a face set cannot exceed 10000 Pictures,
291," GPU  is g ood at computationally intensive and easy to parallel programs.",TRUE,,FALSE,
292," Which of the following options may be used in calling Huawei cloud services?",ak,,region,,pro ject_id,
294," The activation function plays an important role in the neural network model learning and understanding of very complex problems. Which of the following statement s about the activation function is correct.",Activation functions are linear functions,,Activat ion functions are non -linear functions,,The activation function is partly a nonlinear function, partly a linear function,,Most of the activation functions are nonlinear functions, and a few are linear functions,
295," Which of the following is not included in th e recurrent neural network application scenario?",Machine translation,,Speech recognition,
296," Which of the following options is not a reason for traditional machine learning algorithms to  promote the development of deep  learning?",Dimensional disaster,
300," What are the Python language data types? (Multiple Choice) a.  numbers b.  String c.  list",tuple,,dictionary,
301," Which of the following data types does Tensorflow not support?",int8,,float32,,double64,,bool ean,
302," Which of the following is not a module in the Tensorflow library? a.  tf.nn",tf. layers,,tf boost,
303," Which is wrong with the Python module time introduction method?",import time,,from time import *,,import time as t,,from time,
304," Which company l aunched Pytorch  first?",Baidu,,Google,,Facebook,,Huawei,
305," What processor is used for  Altas AI  inference?",Different 910 processor,,Different 310 processor,
306," Which of the following options is not part of the  Tensorflow build process?",Building a calculation chart,,Input tensor,
307," The fitted surface of linear regression in the dimension above 3 is:",Curved surface,,Flat,,Hyperplane,,Hypersurface,
